{
  "schemaVersion": 1,
  "generatedAt": "2026-06-02T14:52:47.276Z",
  "h3Resolution": 10,
  "radiusMeters": 500,
  "method": "distance_decay_radius",
  "centerCellCount": 14013,
  "sourceIds": [
    "store-small-business",
    "incheon-bus-stops",
    "incheon-bus-ridership",
    "incheon-subway-ridership",
    "school-location-standard",
    "incheon-school-status",
    "childcare-basic"
  ],
  "dataPeriod": "derived-from-sources",
  "storeCategoryStats": {
    "restaurant_korean": {
      "p50": 38.17910784500265,
      "p75": 87.99894035999031,
      "p90": 140.7123972314393,
      "p95": 171.21810968440755,
      "max": 394.50000710081696
    },
    "restaurant_western": {
      "p50": 2.126593298306604,
      "p75": 4.592085534432658,
      "p90": 8.599570120459804,
      "p95": 13.002391856593276,
      "max": 34.95587752725064
    },
    "restaurant_japanese": {
      "p50": 2.9059566797598726,
      "p75": 6.245162755205364,
      "p90": 11.454591255461379,
      "p95": 16.722665261078898,
      "max": 44.71549160479505
    },
    "restaurant_chinese": {
      "p50": 4.3894868110368375,
      "p75": 8.217231638750574,
      "p90": 13.274173090398278,
      "p95": 16.898684071776028,
      "max": 51.85313286823574
    },
    "restaurant_chicken": {
      "p50": 6.762877459907822,
      "p75": 11.093709105633241,
      "p90": 14.910940746973084,
      "p95": 17.002426984766572,
      "max": 27.48187698371843
    },
    "restaurant_pizza": {
      "p50": 2.687933182157141,
      "p75": 4.863607987079597,
      "p90": 7.418189898329759,
      "p95": 8.98890793717149,
      "max": 17.420436574391832
    },
    "restaurant_fastfood": {
      "p50": 1.2325314628608075,
      "p75": 1.962751125961785,
      "p90": 2.949836956965823,
      "p95": 4.043980460617298,
      "max": 7.830192185844727
    },
    "cafe": {
      "p50": 12.555855582728801,
      "p75": 26.457899087743172,
      "p90": 38.39548522079966,
      "p95": 49.481213697696035,
      "max": 131.8397529936834
    },
    "bakery": {
      "p50": 4.280630540760059,
      "p75": 7.6444305318873385,
      "p90": 11.11448009976615,
      "p95": 13.849688137863698,
      "max": 26.677212221719184
    },
    "dessert": {
      "p50": 0.8596020544479698,
      "p75": 1.3611933870698922,
      "p90": 1.8953018655311211,
      "p95": 2.4448914956153347,
      "max": 4.883167267751592
    },
    "bar": {
      "p50": 11.373090000702112,
      "p75": 25.87256978787533,
      "p90": 50.495873085213304,
      "p95": 75.67951937968526,
      "max": 215.13071943606622
    },
    "convenience": {
      "p50": 7.293421278041793,
      "p75": 12.708534164231889,
      "p90": 18.812810830071186,
      "p95": 22.90153054993186,
      "max": 55.19819568377757
    },
    "mart": {
      "p50": 7.0534762718767965,
      "p75": 13.359641316784154,
      "p90": 18.871986227507076,
      "p95": 22.62769997173071,
      "max": 44.954661108948876
    },
    "beauty": {
      "p50": 21.305970862140278,
      "p75": 36.124859229655755,
      "p90": 50.33946314976599,
      "p95": 58.9969476352267,
      "max": 113.36862709729526
    },
    "nail": {
      "p50": 4.666485987520202,
      "p75": 8.503537031961187,
      "p90": 13.650296236871476,
      "p95": 18.587417215400663,
      "max": 105.1544366419097
    },
    "laundry": {
      "p50": 4.427138581054197,
      "p75": 7.008646702085113,
      "p90": 9.47962427218669,
      "p95": 10.88770721405417,
      "max": 16.128348303822943
    },
    "pharmacy": {
      "p50": 4.227106003329883,
      "p75": 7.947507548776706,
      "p90": 11.431466803628163,
      "p95": 13.48725285990232,
      "max": 39.856763741898526
    },
    "gym": {
      "p50": 3.0680226976022027,
      "p75": 5.431688865070428,
      "p90": 8.439108372856943,
      "p95": 11.700617079858018,
      "max": 29.058011036732214
    },
    "academy": {
      "p50": 22.93708898339242,
      "p75": 43.99779604621837,
      "p90": 67.5046197859451,
      "p95": 91.692925294193,
      "max": 483.9244959414949
    }
  },
  "totalStoreStats": {
    "p50": 131.32677958826366,
    "p75": 291.71071437164966,
    "p90": 451.91030748150877,
    "p95": 550.904795793033,
    "max": 1371.1957626614108
  },
  "transitAccessStats": {
    "p50": 832.3501792545883,
    "p75": 1229.9453038190827,
    "p90": 1489.991902838465,
    "p95": 1630.0187143630799,
    "max": 2643.190498307658
  },
  "educationStats": {
    "p50": 362.4705344352657,
    "p75": 531.9107532301595,
    "p90": 693.2713265869419,
    "p95": 778.6341681665486,
    "max": 1228.0437418570634
  },
  "anchorStats": {
    "p50": 18.777837818352026,
    "p75": 29.472102440768765,
    "p90": 37.153336928605725,
    "p95": 41.372542500103144,
    "max": 61.58636177323581
  }
}
