{
  "schemaVersion": 1,
  "generatedAt": "2026-04-27T07:37:31.152Z",
  "h3Resolution": 10,
  "radiusMeters": 500,
  "method": "distance_decay_radius",
  "centerCellCount": 14017,
  "sourceIds": [
    "store-small-business",
    "incheon-bus-stops",
    "incheon-bus-ridership",
    "incheon-subway-ridership",
    "school-location-standard",
    "childcare-basic"
  ],
  "dataPeriod": "official-file",
  "storeCategoryStats": {
    "restaurant_korean": {
      "p50": 38.20641195419705,
      "p75": 88.00896472508644,
      "p90": 140.81763210236116,
      "p95": 171.24385229461973,
      "max": 394.50000710081696
    },
    "restaurant_western": {
      "p50": 2.126593298306604,
      "p75": 4.59241098351977,
      "p90": 8.596109401961808,
      "p95": 13.013571990553213,
      "max": 34.95587752725064
    },
    "restaurant_japanese": {
      "p50": 2.90688523000561,
      "p75": 6.245385882038824,
      "p90": 11.476357617550008,
      "p95": 16.74265778395063,
      "max": 44.71549160479505
    },
    "restaurant_chinese": {
      "p50": 4.390826401436548,
      "p75": 8.229042269406191,
      "p90": 13.277961613448257,
      "p95": 16.913527151202132,
      "max": 51.85313286823574
    },
    "restaurant_chicken": {
      "p50": 6.764002778699589,
      "p75": 11.097367987549418,
      "p90": 14.913455388164731,
      "p95": 17.003904712399144,
      "max": 27.48187698371843
    },
    "restaurant_pizza": {
      "p50": 2.6880833533840116,
      "p75": 4.863670649775372,
      "p90": 7.419990875740157,
      "p95": 8.991571267878339,
      "max": 17.420436574391832
    },
    "restaurant_fastfood": {
      "p50": 1.2330396335403668,
      "p75": 1.96280538071415,
      "p90": 2.950744397984892,
      "p95": 4.045121900756997,
      "max": 7.830192185844727
    },
    "cafe": {
      "p50": 12.556350412885708,
      "p75": 26.461711838082017,
      "p90": 38.39651858880081,
      "p95": 49.50238357350202,
      "max": 131.8397529936834
    },
    "bakery": {
      "p50": 4.281080008050232,
      "p75": 7.644544233920476,
      "p90": 11.112308002119299,
      "p95": 13.845162279782425,
      "max": 26.677212221719184
    },
    "dessert": {
      "p50": 0.8596432249015603,
      "p75": 1.3614708546389802,
      "p90": 1.8966478081407225,
      "p95": 2.448602601934252,
      "max": 4.883167267751592
    },
    "bar": {
      "p50": 11.377536167159684,
      "p75": 25.894643230822204,
      "p90": 50.507440934186626,
      "p95": 75.6883679678509,
      "max": 215.13071943606622
    },
    "convenience": {
      "p50": 7.29472229550342,
      "p75": 12.713617929846077,
      "p90": 18.818662745443092,
      "p95": 22.92293256957125,
      "max": 55.19819568377757
    },
    "mart": {
      "p50": 7.054488304805317,
      "p75": 13.363214878837628,
      "p90": 18.87235001326931,
      "p95": 22.63052112658698,
      "max": 44.954661108948876
    },
    "beauty": {
      "p50": 21.318994887637224,
      "p75": 36.14171579223248,
      "p90": 50.34255872232874,
      "p95": 59.02365082915891,
      "max": 113.36862709729526
    },
    "nail": {
      "p50": 4.66823408134132,
      "p75": 8.50354923645304,
      "p90": 13.649578878823595,
      "p95": 18.614028811267456,
      "max": 105.1544366419097
    },
    "laundry": {
      "p50": 4.428634948713086,
      "p75": 7.009969544457354,
      "p90": 9.481218787071507,
      "p95": 10.897980190055101,
      "max": 16.128348303822943
    },
    "pharmacy": {
      "p50": 4.22716294158532,
      "p75": 7.947581896171248,
      "p90": 11.43206485689171,
      "p95": 13.501339158322912,
      "max": 39.856763741898526
    },
    "gym": {
      "p50": 3.0697616363622475,
      "p75": 5.431816436390934,
      "p90": 8.454175741679226,
      "p95": 11.706458383426813,
      "max": 29.058011036732214
    },
    "academy": {
      "p50": 22.9409346891827,
      "p75": 44.00709575099677,
      "p90": 67.52996842147236,
      "p95": 91.75884733137836,
      "max": 483.9244959414949
    }
  },
  "totalStoreStats": {
    "p50": 131.49807709734063,
    "p75": 291.74068978489174,
    "p90": 452.05108596509945,
    "p95": 551.0254880331752,
    "max": 1371.1957626614108
  },
  "transitAccessStats": {
    "p50": 792.0394177040404,
    "p75": 1187.2193168775664,
    "p90": 1447.6728000180226,
    "p95": 1583.5299913228137,
    "max": 2562.6283455787557
  },
  "educationStats": {
    "p50": 292.12396995501103,
    "p75": 436.0234005193262,
    "p90": 566.4195671722885,
    "p95": 646.8986848288364,
    "max": 1020.836554111392
  },
  "anchorStats": {
    "p50": 18.744819438700905,
    "p75": 29.467314425288553,
    "p90": 37.15317468351653,
    "p95": 41.37228533741224,
    "max": 61.58636177323581
  }
}
